{"class_name": "Model", "config": {"name": "model_2", "layers": [{"name": "input_1", "class_name": "InputLayer", "config": {"batch_input_shape": [null, 28, 28, 1], "dtype": "float32", "sparse": false, "name": "input_1"}, "inbound_nodes": []}, {"name": "zero_padding2d_1", "class_name": "ZeroPadding2D", "config": {"name": "zero_padding2d_1", "trainable": true, "dtype": "float32", "padding": [[1, 1], [1, 1]], "data_format": "channels_last"}, "inbound_nodes": [[["input_1", 0, 0, {}]]]}, {"name": "conv2d_1", "class_name": "Conv2D", "config": {"name": "conv2d_1", "trainable": true, "dtype": "float32", "filters": 16, "kernel_size": [3, 3], "strides": [1, 1], "padding": "same", "data_format": "channels_last", "dilation_rate": [1, 1], "activation": "selu", "use_bias": true, "kernel_initializer": {"class_name": "VarianceScaling", "config": {"scale": 1.0, "mode": "fan_avg", "distribution": "uniform", "seed": null}}, "bias_initializer": {"class_name": "Zeros", "config": {}}, "kernel_regularizer": null, "bias_regularizer": null, "activity_regularizer": null, "kernel_constraint": null, "bias_constraint": null}, "inbound_nodes": [[["zero_padding2d_1", 0, 0, {}]]]}, {"name": "zero_padding2d_2", "class_name": "ZeroPadding2D", "config": {"name": "zero_padding2d_2", "trainable": true, "dtype": "float32", "padding": [[1, 1], [1, 1]], "data_format": "channels_last"}, "inbound_nodes": [[["conv2d_1", 0, 0, {}]]]}, {"name": "max_pooling2d_1", "class_name": "MaxPooling2D", "config": {"name": "max_pooling2d_1", "trainable": true, "dtype": "float32", "pool_size": [2, 2], "padding": "same", "strides": [2, 2], "data_format": "channels_last"}, "inbound_nodes": [[["zero_padding2d_2", 0, 0, {}]]]}, {"name": "conv2d_2", "class_name": "Conv2D", "config": {"name": "conv2d_2", "trainable": true, "dtype": "float32", "filters": 32, "kernel_size": [3, 3], "strides": [1, 1], "padding": "same", "data_format": "channels_last", "dilation_rate": [1, 1], "activation": "selu", "use_bias": true, "kernel_initializer": {"class_name": "VarianceScaling", "config": {"scale": 1.0, "mode": "fan_avg", "distribution": "uniform", "seed": null}}, "bias_initializer": {"class_name": "Zeros", "config": {}}, "kernel_regularizer": null, "bias_regularizer": null, "activity_regularizer": null, "kernel_constraint": null, "bias_constraint": null}, "inbound_nodes": [[["max_pooling2d_1", 0, 0, {}]]]}, {"name": "zero_padding2d_3", "class_name": "ZeroPadding2D", "config": {"name": "zero_padding2d_3", "trainable": true, "dtype": "float32", "padding": [[1, 1], [1, 1]], "data_format": "channels_last"}, "inbound_nodes": [[["conv2d_2", 0, 0, {}]]]}, {"name": "batch_normalization_1", "class_name": "BatchNormalization", "config": {"name": "batch_normalization_1", "trainable": true, "dtype": "float32", "axis": -1, "momentum": 0.99, "epsilon": 0.001, "center": true, "scale": true, "beta_initializer": {"class_name": "Zeros", "config": {}}, "gamma_initializer": {"class_name": "Ones", "config": {}}, "moving_mean_initializer": {"class_name": "Zeros", "config": {}}, "moving_variance_initializer": {"class_name": "Ones", "config": {}}, "beta_regularizer": null, "gamma_regularizer": null, "beta_constraint": null, "gamma_constraint": null}, "inbound_nodes": [[["zero_padding2d_3", 0, 0, {}]]]}, {"name": "max_pooling2d_2", "class_name": "MaxPooling2D", "config": {"name": "max_pooling2d_2", "trainable": true, "dtype": "float32", "pool_size": [2, 2], "padding": "same", "strides": [2, 2], "data_format": "channels_last"}, "inbound_nodes": [[["batch_normalization_1", 0, 0, {}]]]}, {"name": "conv2d_3", "class_name": "Conv2D", "config": {"name": "conv2d_3", "trainable": true, "dtype": "float32", "filters": 64, "kernel_size": [3, 3], "strides": [1, 1], "padding": "same", "data_format": "channels_last", "dilation_rate": [1, 1], "activation": "selu", "use_bias": true, "kernel_initializer": {"class_name": "VarianceScaling", "config": {"scale": 1.0, "mode": "fan_avg", "distribution": "uniform", "seed": null}}, "bias_initializer": {"class_name": "Zeros", "config": {}}, "kernel_regularizer": null, "bias_regularizer": null, "activity_regularizer": null, "kernel_constraint": null, "bias_constraint": null}, "inbound_nodes": [[["max_pooling2d_2", 0, 0, {}]]]}, {"name": "zero_padding2d_4", "class_name": "ZeroPadding2D", "config": {"name": "zero_padding2d_4", "trainable": true, "dtype": "float32", "padding": [[1, 1], [1, 1]], "data_format": "channels_last"}, "inbound_nodes": [[["conv2d_3", 0, 0, {}]]]}, {"name": "batch_normalization_2", "class_name": "BatchNormalization", "config": {"name": "batch_normalization_2", "trainable": true, "dtype": "float32", "axis": -1, "momentum": 0.99, "epsilon": 0.001, "center": true, "scale": true, "beta_initializer": {"class_name": "Zeros", "config": {}}, "gamma_initializer": {"class_name": "Ones", "config": {}}, "moving_mean_initializer": {"class_name": "Zeros", "config": {}}, "moving_variance_initializer": {"class_name": "Ones", "config": {}}, "beta_regularizer": null, "gamma_regularizer": null, "beta_constraint": null, "gamma_constraint": null}, "inbound_nodes": [[["zero_padding2d_4", 0, 0, {}]]]}, {"name": "max_pooling2d_3", "class_name": "MaxPooling2D", "config": {"name": "max_pooling2d_3", "trainable": true, "dtype": "float32", "pool_size": [2, 2], "padding": "same", "strides": [2, 2], "data_format": "channels_last"}, "inbound_nodes": [[["batch_normalization_2", 0, 0, {}]]]}, {"name": "flatten_1", "class_name": "Flatten", "config": {"name": "flatten_1", "trainable": true, "dtype": "float32", "data_format": "channels_last"}, "inbound_nodes": [[["max_pooling2d_3", 0, 0, {}]]]}, {"name": "dense_1", "class_name": "Dense", "config": {"name": "dense_1", "trainable": true, "dtype": "float32", "units": 256, "activation": "selu", "use_bias": true, "kernel_initializer": {"class_name": "VarianceScaling", "config": {"scale": 1.0, "mode": "fan_avg", "distribution": "uniform", "seed": null}}, "bias_initializer": {"class_name": "Zeros", "config": {}}, "kernel_regularizer": {"class_name": "L1L2", "config": {"l1": 0.0, "l2": 0.009999999776482582}}, "bias_regularizer": null, "activity_regularizer": null, "kernel_constraint": null, "bias_constraint": null}, "inbound_nodes": [[["flatten_1", 0, 0, {}]]]}, {"name": "dense_2", "class_name": "Dense", "config": {"name": "dense_2", "trainable": true, "dtype": "float32", "units": 128, "activation": "selu", "use_bias": true, "kernel_initializer": {"class_name": "VarianceScaling", "config": {"scale": 1.0, "mode": "fan_avg", "distribution": "uniform", "seed": null}}, "bias_initializer": {"class_name": "Zeros", "config": {}}, "kernel_regularizer": null, "bias_regularizer": null, "activity_regularizer": null, "kernel_constraint": null, "bias_constraint": null}, "inbound_nodes": [[["dense_1", 0, 0, {}]]]}], "input_layers": [["input_1", 0, 0]], "output_layers": [["dense_2", 0, 0]]}, "keras_version": "2.3.1", "backend": "tensorflow"}